user_id,gender,age,country,city,exp_group,os,source
200,1,34,Russia,Degtyarsk,3,Android,ads
201,0,37,Russia,Abakan,0,Android,ads
202,1,17,Russia,Smolensk,4,Android,ads
203,0,18,Russia,Moscow,1,iOS,ads
204,0,36,Russia,Anzhero-Sudzhensk,3,Android,ads
205,0,32,Russia,Dugulubgey,3,Android,ads
206,1,20,Russia,Kamenka,1,Android,ads
207,1,27,Russia,Groznyy,3,iOS,ads
208,1,17,Russia,Zima,1,Android,ads
209,0,17,Russia,Yuzhnouralsk,1,Android,ads
210,0,39,Ukraine,Mykolaiv,3,Android,ads
211,1,22,Belarus,Minsk,0,iOS,ads
212,1,47,Russia,Podolsk,0,iOS,ads
213,1,22,Ukraine,Kamianske,2,iOS,ads
214,0,21,Russia,Moscow,4,Android,ads
215,1,18,Ukraine,Horodenka,3,iOS,ads
216,0,38,Ukraine,Lviv,1,Android,ads
217,1,29,Russia,Kansk,3,iOS,ads
218,1,25,Belarus,Minsk,2,iOS,ads
219,0,36,Russia,Moscow,2,Android,ads
220,1,36,Russia,Novosibirsk,2,Android,ads
221,0,23,Russia,Vologda,3,Android,ads
222,0,45,Russia,Ulyanovsk,0,iOS,ads
223,1,19,Ukraine,Chernihiv,3,Android,ads
224,1,32,Russia,Yekaterinburg,2,iOS,ads
225,1,39,Russia,Vilyuysk,0,Android,ads
226,1,31,Russia,Moscow,4,iOS,ads
227,0,19,Russia,Saint Petersburg,2,Android,ads
228,0,17,Azerbaijan,Baku,2,iOS,ads
229,0,23,Russia,Saint Petersburg,3,iOS,ads
230,0,36,Russia,Perm,3,Android,ads
231,1,26,Russia,Barnaul,2,Android,ads
232,1,19,Russia,Moscow,4,iOS,ads
233,1,36,Russia,Kursk,2,Android,ads
234,0,18,Russia,Volgograd,2,Android,ads
235,1,23,Russia,Troitsk,0,Android,ads
236,1,31,Russia,Ufa,0,Android,ads
237,0,23,Russia,Rostov,3,Android,ads
238,1,19,Russia,Saransk,1,Android,ads
239,0,20,Russia,Yekaterinburg,0,iOS,ads
240,1,20,Belarus,Smarhon’,0,Android,ads
241,1,27,Russia,Zlatoust,3,Android,ads
242,0,47,Russia,Moscow,3,Android,ads
243,1,38,Kazakhstan,Ekibastuz,1,iOS,ads
244,0,44,Russia,Krasnoyarsk,3,Android,ads
245,1,25,Russia,Moscow,2,iOS,ads
246,1,18,Russia,Volgograd,1,Android,ads
247,1,52,Russia,Saint Petersburg,2,iOS,ads
248,1,22,Russia,Nizhniy Tagil,3,Android,ads
249,0,41,Finland,Jyväskylä,3,Android,ads
250,0,27,Russia,Moscow,1,iOS,ads
251,1,15,Russia,Moscow,3,iOS,ads
252,1,19,Russia,Moscow,4,iOS,ads
253,1,24,Russia,Moscow,3,Android,ads
254,1,42,Russia,Lesosibirsk,4,Android,ads
255,0,45,Russia,Saint Petersburg,1,iOS,ads
256,1,32,Russia,Shakhty,3,iOS,ads
257,1,14,Russia,Krasnodar,0,Android,ads
258,1,31,Azerbaijan,Baku,0,iOS,ads
259,0,21,Russia,Kashin,1,Android,ads
260,1,20,Russia,Moscow,3,Android,ads
261,1,21,Russia,Salavat,0,iOS,ads
262,1,24,Russia,Novosibirsk,1,Android,ads
263,1,19,Russia,Tsimlyansk,4,Android,ads
264,0,17,Russia,Yelizovo,0,iOS,ads
265,1,16,Russia,Rubtsovsk,4,Android,ads
266,0,34,Russia,Odintsovo,1,Android,ads
267,1,31,Russia,Pyatigorsk,3,iOS,ads
268,0,27,Russia,Moscow,1,iOS,ads
269,0,43,Russia,Moscow,0,iOS,ads
270,0,15,Russia,Yelabuga,1,Android,ads
271,0,36,Turkey,Gaziantep,2,Android,ads
272,0,22,Russia,Khabarovsk,3,Android,ads
273,0,22,Azerbaijan,Ağcabədi,2,iOS,ads
274,0,15,Russia,Moscow,1,Android,ads
275,0,15,Russia,Kislovodsk,3,Android,ads
276,1,32,Belarus,Asipovichy,1,iOS,ads
277,0,22,Russia,Khabarovsk,1,Android,ads
278,0,20,Azerbaijan,M.Ə. Rəsulzadə,3,iOS,ads
279,0,30,Russia,Vladimir,3,Android,ads
280,0,32,Russia,Birobidzhan,1,Android,ads
281,0,50,Russia,Beloyarskiy,3,iOS,ads
282,1,22,Russia,Tyumen,2,Android,ads
283,1,26,Russia,Podolsk,4,iOS,ads
284,0,46,Russia,Perm,3,Android,ads
285,0,24,Russia,Murom,2,iOS,ads
286,1,19,Russia,Moscow,4,iOS,ads
287,0,58,Russia,Omsk,1,Android,ads
288,0,28,Russia,Moscow,3,iOS,ads
289,0,45,Russia,Severodvinsk,0,Android,ads
290,0,27,Russia,Yuzhno-Sakhalinsk,3,Android,ads
291,1,20,Russia,Moscow,2,Android,ads
292,1,23,Russia,Taganrog,3,Android,ads
293,1,21,Russia,Novosibirsk,3,iOS,ads
294,1,15,Belarus,Mahilyow,0,iOS,ads
295,1,27,Russia,Severodvinsk,3,iOS,ads
296,1,23,Russia,Artëm,3,iOS,ads
297,1,27,Russia,Neftekamsk,2,Android,ads
298,1,43,Russia,Syktyvkar,2,Android,ads
299,0,32,Russia,Moscow,1,Android,ads
300,1,17,Russia,Arzamas,1,Android,ads
301,0,28,Russia,Makhachkala,2,Android,ads
302,1,20,Russia,Vladivostok,3,Android,ads
303,0,32,Russia,Lipetsk,3,Android,ads
304,0,32,Russia,Moscow,0,Android,ads
305,1,27,Russia,Stavropol,3,Android,ads
306,1,24,Russia,Saint Petersburg,0,Android,ads
307,1,20,Russia,Tobolsk,4,iOS,ads
308,1,30,Russia,Volgograd,4,iOS,ads
309,1,26,Russia,Novokuznetsk,1,Android,ads
310,0,22,Russia,Velikiy Novgorod,1,iOS,ads
311,1,15,Russia,Voronezh,4,Android,ads
312,0,24,Russia,Buguruslan,2,iOS,ads
313,0,62,Russia,Novouralsk,1,Android,ads
314,1,28,Russia,Zelënodol’sk,4,iOS,ads
315,1,44,Russia,Krasnoyarsk,1,iOS,ads
316,0,23,Ukraine,Horokhiv,3,Android,ads
317,0,16,Russia,Novosibirsk,0,Android,ads
318,1,48,Russia,Moscow,0,iOS,ads
319,0,41,Russia,Berdsk,4,Android,ads
320,1,21,Russia,Murmansk,2,Android,ads
321,0,20,Russia,Dzerzhinskiy,0,Android,ads
322,0,51,Russia,Tomsk,2,Android,ads
323,1,17,Russia,Moscow,4,Android,ads
324,0,35,Russia,Neman,1,Android,ads
325,1,39,Russia,Ufa,1,iOS,ads
326,1,16,Russia,Pushkino,0,Android,ads
327,1,20,Russia,Stavropol,1,iOS,ads
328,1,19,Russia,Yessentuki,2,iOS,ads
329,1,24,Ukraine,Novohrad-Volynskyi,4,iOS,ads
330,0,43,Russia,Tver,0,iOS,ads
331,0,20,Russia,Perm,3,Android,ads
332,0,26,Russia,Moscow,2,Android,ads
333,1,16,Russia,Makhachkala,0,Android,ads
334,0,18,Russia,Moscow,2,Android,ads
335,1,37,Russia,Rtishchevo,2,Android,ads
336,0,30,Russia,Saint Petersburg,3,iOS,ads
337,1,53,Russia,Moscow,2,Android,ads
338,1,40,Russia,Astrakhan,3,iOS,ads
339,0,20,Russia,Nizhniy Novgorod,3,Android,ads
340,0,20,Russia,Moscow,0,Android,ads
341,0,35,Russia,Yartsevo,1,Android,ads
342,1,23,Russia,Moscow,0,Android,ads
343,1,15,Russia,Moscow,2,Android,ads
344,1,22,Russia,Omsk,1,Android,ads
345,1,22,Russia,Kotlas,0,Android,ads
346,1,56,Russia,Yekaterinburg,2,Android,ads
347,0,15,Russia,Moscow,3,Android,ads
348,0,17,Russia,Makhachkala,1,iOS,ads
349,1,27,Russia,Novoshakhtinsk,4,iOS,ads
350,1,14,Russia,Moscow,2,Android,ads
351,1,21,Ukraine,Sevastopol,2,Android,ads
352,1,18,Russia,Iskitim,4,iOS,ads
353,0,21,Russia,Gulkevichi,4,iOS,ads
354,0,26,Russia,Tambov,0,Android,ads
355,1,19,Russia,Guryevsk,0,Android,ads
356,1,19,Russia,Velikiye Luki,1,iOS,ads
357,1,55,Russia,Tyumen,4,Android,ads
358,1,19,Russia,Lysva,0,Android,ads
359,1,23,Russia,Yakhroma,3,iOS,ads
360,0,56,Russia,Ufa,3,Android,ads
361,1,22,Ukraine,Rivne,0,iOS,ads
362,1,34,Russia,Baymak,0,Android,ads
363,0,18,Russia,Belgorod,2,Android,ads
364,0,58,Belarus,Homyel’,0,iOS,ads
365,1,26,Russia,Petrovsk,4,iOS,ads
366,1,22,Russia,Sevsk,1,Android,ads
367,0,20,Russia,Chelyabinsk,2,Android,ads
368,0,25,Russia,Saint Petersburg,0,Android,ads
369,1,23,Belarus,Babruysk,3,iOS,ads
370,0,31,Russia,Balashov,0,iOS,ads
371,1,17,Russia,Mindyak,3,iOS,ads
372,0,23,Russia,Moscow,4,Android,ads
373,1,21,Russia,Moscow,3,Android,ads
374,1,25,Russia,Novyy Urengoy,4,Android,ads
375,0,20,Russia,Moscow,0,Android,ads
376,1,16,Russia,Ryazan,3,Android,ads
377,1,39,Russia,Shagonar,0,Android,ads
378,0,16,Russia,Bikin,4,iOS,ads
379,1,18,Russia,Belovo,2,Android,ads
380,0,16,Russia,Astrakhan,4,Android,ads
381,1,26,Russia,Elektrostal,3,Android,ads
382,1,51,Russia,Kstovo,2,iOS,ads
383,1,16,Russia,Vorkuta,4,Android,ads
384,0,21,Russia,Stavropol,3,iOS,ads
385,0,39,Russia,Bobrovka,3,Android,ads
386,1,40,Russia,Uinskoye,4,Android,ads
387,0,21,Russia,Saint Petersburg,0,Android,ads
388,1,21,Russia,Oktyabrsk,1,Android,ads
389,1,21,Russia,Goyty,3,iOS,ads
390,1,24,Russia,Narovchat,2,Android,ads
391,0,16,Russia,Saint Petersburg,1,Android,ads
392,0,15,Russia,Smolensk,4,iOS,ads
393,1,22,Russia,Miass,3,iOS,ads
394,0,19,Russia,Mikhaylovka,0,Android,ads
395,1,40,Russia,Makhachkala,3,Android,ads
396,0,14,Russia,Rostov,1,Android,ads
397,1,53,Russia,Tver,1,Android,ads
398,0,15,Russia,Saratov,1,Android,ads
399,1,24,Russia,Kirov,3,Android,ads
400,1,31,Russia,Nartkala,1,Android,ads
401,1,16,Russia,Udachnyy,4,iOS,ads
402,1,26,Russia,Moscow,2,iOS,ads
403,1,23,Russia,Kaspiysk,3,Android,ads
404,1,48,Russia,Blagoveshchensk,0,iOS,ads
405,1,41,Russia,Saint Petersburg,2,Android,ads
406,0,18,Russia,Rostov,3,Android,ads
407,1,16,Russia,Koryazhma,0,Android,ads
408,0,17,Russia,Ryazan,1,Android,ads
409,1,14,Russia,Chelyabinsk,2,Android,ads
410,1,30,Russia,Sertolovo,1,Android,ads
411,1,27,Russia,Tyumen,4,Android,ads
412,0,16,Russia,Usol’ye-Sibirskoye,2,Android,ads
413,0,20,Russia,Moscow,2,Android,ads
414,0,16,Russia,Gelendzhik,4,Android,ads
415,0,24,Russia,Orenburg,1,iOS,ads
416,0,22,Russia,Nizhniy Tagil,3,Android,ads
417,1,22,Russia,Slyudyanka,2,iOS,ads
418,1,36,Russia,Kemerovo,0,Android,ads
419,0,27,Russia,Kirishi,2,Android,ads
420,0,38,Russia,Ust’-Kut,0,Android,ads
421,0,19,Azerbaijan,Siyəzən,2,Android,ads
422,1,20,Russia,Kazan,2,Android,ads
423,1,35,Russia,Biysk,0,Android,ads
424,0,25,Russia,Nizhniy Novgorod,2,iOS,ads
425,1,28,Azerbaijan,Baku,3,iOS,ads
426,1,24,Russia,Kirov,4,iOS,ads
427,1,24,Russia,Volsk,2,Android,ads
428,1,19,Russia,Moscow,2,iOS,ads
429,0,14,Russia,Shchelkovo,4,Android,ads
430,0,16,Russia,Saint Petersburg,2,iOS,ads
431,1,20,Russia,Rostov,3,iOS,ads
432,1,22,Russia,Mayrtup,2,Android,ads
433,1,17,Russia,Buynaksk,1,Android,ads
434,0,25,Ukraine,Selydove,0,Android,ads
435,1,29,Russia,Kaliningrad,3,Android,ads
436,1,24,Russia,Rostov,2,Android,ads
437,1,27,Russia,Kirov,1,Android,ads
438,0,40,Russia,Moscow,3,Android,ads
439,1,54,Russia,Sertolovo,3,Android,ads
440,1,25,Russia,Moscow,2,iOS,ads
441,1,29,Russia,Revda,4,Android,ads
442,1,15,Ukraine,Romny,2,iOS,ads
443,0,36,Ukraine,Truskavets,1,Android,ads
444,1,33,Russia,Tomsk,3,iOS,ads
445,0,23,Russia,Minusinsk,2,Android,ads
446,0,29,Russia,Ulyanovsk,0,Android,ads
447,1,25,Russia,Nogliki,4,iOS,ads
448,0,19,Ukraine,Alchevsk,2,Android,ads
449,0,17,Russia,Kazan,3,Android,ads
450,1,38,Russia,Kurchatov,1,Android,ads
451,0,25,Russia,Perm,1,Android,ads
452,0,15,Russia,Novosibirsk,2,Android,ads
453,0,23,Russia,Moscow,2,iOS,ads
454,0,19,Ukraine,Druzhkivka,1,iOS,ads
455,1,25,Russia,Anapa,1,iOS,ads
456,0,31,Russia,Mikhaylovka,2,iOS,ads
457,0,20,Russia,Novorossiysk,4,Android,ads
458,0,17,Russia,Krasnokamensk,2,Android,ads
459,1,19,Russia,Yekaterinburg,2,Android,ads
460,0,18,Russia,Severouralsk,2,Android,ads
461,0,21,Belarus,Minsk,1,iOS,ads
462,0,17,Russia,Nizhniy Novgorod,0,iOS,ads
463,1,16,Russia,Moscow,0,iOS,ads
464,1,19,Russia,Kursk,3,iOS,ads
465,1,25,Russia,Moscow,0,Android,ads
466,1,36,Russia,Sergiyev Posad,2,Android,ads
467,0,25,Russia,Saransk,2,Android,ads
468,0,41,Russia,Moscow,2,Android,ads
469,0,51,Finland,Loviisa,3,Android,ads
470,1,19,Russia,Rasskazovo,0,Android,ads
471,1,14,Russia,Rostov,4,Android,ads
472,1,38,Russia,Tver,3,Android,ads
473,1,25,Russia,Saratov,4,Android,ads
474,1,19,Russia,Gus’-Khrustal’nyy,2,Android,ads
475,1,43,Russia,Krasnodar,3,Android,ads
476,1,23,Russia,Izhevsk,3,Android,ads
477,1,48,Russia,Chelyabinsk,0,iOS,ads
478,1,20,Russia,Angarsk,4,Android,ads
479,0,32,Russia,Saint Petersburg,0,Android,ads
480,1,44,Ukraine,Velykyi Bychkiv,4,iOS,ads
481,0,37,Azerbaijan,Ağdaş,4,Android,ads
482,1,19,Russia,Blechepsin,0,Android,ads
483,0,28,Russia,Moscow,2,iOS,ads
484,0,29,Russia,Khabarovsk,4,Android,ads
485,1,24,Russia,Ramenskoye,0,iOS,ads
486,1,25,Russia,Voskresensk,0,Android,ads
487,0,41,Russia,Saint Petersburg,3,Android,ads
488,1,15,Russia,Yelets,2,iOS,ads
489,0,34,Russia,Yurga,3,Android,ads
490,0,41,Russia,Orekhovo-Borisovo Yuzhnoye,3,Android,ads
491,0,29,Russia,Mendeleyevsk,3,iOS,ads
492,1,34,Russia,Khabarovsk,3,Android,ads
493,0,23,Russia,Zainsk,0,iOS,ads
494,1,33,Russia,Tula,1,Android,ads
495,1,21,Ukraine,Novosamarka,1,iOS,ads
496,0,34,Russia,Snezhinsk,4,Android,ads
497,1,20,Russia,Angarsk,0,Android,ads
498,0,33,Russia,Bol’shoye Boldino,1,iOS,ads
499,1,22,Russia,Naberezhnyye Chelny,2,Android,ads
500,1,29,Russia,Yakutsk,4,Android,ads
501,1,24,Russia,Astrakhan,1,iOS,ads
502,1,26,Russia,Novotroitsk,4,iOS,ads
503,1,43,Kazakhstan,Atyraū,0,iOS,ads
504,0,36,Russia,Berezniki,0,Android,ads
505,0,23,Russia,Makhachkala,3,iOS,ads
506,1,44,Russia,Saransk,0,Android,ads
507,0,39,Finland,Virolahti,1,Android,ads
508,0,27,Russia,Severobaykalsk,0,iOS,ads
509,0,34,Russia,Noginsk,0,iOS,ads
510,0,29,Russia,Krasnoyarsk,0,Android,ads
511,1,18,Russia,Kaspiysk,0,Android,ads
512,1,25,Russia,Ust’-Bol’sheretsk,4,Android,ads
513,1,22,Russia,Petrozavodsk,2,iOS,ads
514,1,35,Russia,Ivanovo,2,iOS,ads
515,1,36,Russia,Gubkin,2,iOS,ads
516,1,21,Russia,Yuryuzan,3,iOS,ads
517,1,20,Kazakhstan,Almaty,3,iOS,ads
518,1,24,Russia,Balakovo,0,Android,ads
519,0,23,Russia,Zelënodol’sk,4,Android,ads
520,1,37,Russia,Tyumen,1,iOS,ads
521,0,27,Russia,Kazan,3,Android,ads
522,0,23,Russia,Elista,3,Android,ads
523,1,17,Russia,Moscow,2,Android,ads
524,0,27,Russia,Tyrnyauz,2,Android,ads
525,0,20,Russia,Nadym,4,Android,ads
526,0,15,Russia,Rostov,0,Android,ads
527,1,21,Russia,Moscow,1,Android,ads
528,1,23,Ukraine,Irpin,1,iOS,ads
529,1,35,Russia,Nizhniy Novgorod,0,iOS,ads
530,0,27,Russia,Abakan,4,Android,ads
531,0,16,Russia,Kaspiysk,0,Android,ads
532,1,37,Russia,Moscow,4,Android,ads
533,1,17,Russia,Sergiyev Posad,3,Android,ads
534,1,21,Russia,Obyachevo,0,Android,ads
535,0,49,Russia,Karpogory,0,Android,ads
536,0,23,Russia,Baymak,2,iOS,ads
537,0,21,Russia,Vladimir,2,Android,ads
538,0,16,Russia,Cheremnoye,1,Android,ads
539,1,25,Russia,Segezha,2,Android,ads
540,1,39,Turkey,Samsun,0,Android,ads
541,1,21,Russia,Petrozavodsk,2,Android,ads
542,1,30,Russia,Blagoveshchensk,4,iOS,ads
543,1,21,Russia,Plast,4,iOS,ads
544,0,16,Russia,Perm,0,iOS,ads
545,1,18,Kazakhstan,Taraz,1,iOS,ads
546,0,25,Russia,Aleksandrov,1,Android,ads
547,0,40,Russia,Moscow,4,iOS,ads
548,0,30,Russia,Chernogolovka,3,iOS,ads
549,0,22,Russia,Vladivostok,4,iOS,ads
550,0,20,Russia,Kyzyl,0,Android,ads
551,0,38,Russia,Pushkino,3,Android,ads
552,1,18,Russia,Penza,0,iOS,ads
553,1,22,Russia,Krasnodar,2,Android,ads
554,0,36,Russia,Irkutsk,4,Android,ads
555,0,27,Russia,Groznyy,3,Android,ads
556,0,24,Turkey,Antalya,4,Android,ads
557,1,31,Russia,Neftekamsk,0,iOS,ads
558,0,22,Russia,Bryansk,4,Android,ads
559,0,18,Russia,Moscow,2,Android,ads
560,1,15,Russia,Armavir,2,Android,ads
561,1,31,Russia,Sochi,2,iOS,ads
562,1,19,Russia,Vladimir,3,Android,ads
563,0,58,Russia,Perm,2,Android,ads
564,1,20,Russia,Irkutsk,4,Android,ads
565,1,28,Russia,Angarsk,4,iOS,ads
566,1,33,Russia,Chapayevsk,3,iOS,ads
567,0,20,Belarus,Minsk,4,Android,ads
568,1,33,Ukraine,Simferopol,3,Android,ads
569,0,39,Ukraine,Simferopol,0,Android,ads
570,1,39,Russia,Engels,3,Android,ads
571,0,19,Finland,Helsinki,2,Android,ads
572,1,46,Ukraine,Melitopol,3,iOS,ads
573,0,23,Belarus,Homyel’,0,Android,ads
574,1,19,Ukraine,Fastiv,3,Android,ads
575,0,31,Russia,Belebey,3,Android,ads
576,0,22,Russia,Moscow,4,iOS,ads
577,0,21,Russia,Omsk,2,Android,ads
578,1,21,Russia,Noginsk,1,iOS,ads
579,1,21,Russia,Maykop,1,Android,ads
580,1,22,Russia,Kirov,4,iOS,ads
581,1,18,Russia,Moscow,2,Android,ads
582,1,25,Russia,Pskov,0,Android,ads
583,1,16,Azerbaijan,Göyçay,3,Android,ads
584,1,15,Russia,Ivanchug,4,Android,ads
585,0,21,Russia,Irkutsk,3,iOS,ads
586,0,30,Russia,Rostov,1,Android,ads
587,1,19,Russia,Mytishchi,3,Android,ads
588,0,37,Russia,Chernolesskoye,2,Android,ads
589,1,56,Russia,Apatity,4,Android,ads
590,1,21,Russia,Perm,0,Android,ads
591,0,28,Russia,Moscow,3,iOS,ads
592,1,29,Latvia,Cēsis,4,iOS,ads
593,0,21,Russia,Novokuznetsk,4,Android,ads
594,1,43,Russia,Tambov,4,Android,ads
595,1,20,Russia,Yelizavetinskoye,2,Android,ads
596,0,33,Russia,Moscow,2,Android,ads
597,1,59,Russia,Uglich,2,iOS,ads
598,0,18,Russia,Smolensk,3,Android,ads
599,1,42,Russia,Saint Petersburg,0,iOS,ads
600,0,35,Russia,Moscow,1,iOS,ads
601,0,33,Russia,Moscow,0,iOS,ads
602,0,17,Russia,Moscow,1,Android,ads
603,1,19,Turkey,Erzincan,1,Android,ads
604,1,44,Russia,Ufa,1,iOS,ads
605,1,17,Russia,Shakhunya,3,iOS,ads
606,0,17,Russia,Moscow,4,Android,ads
607,0,48,Ukraine,Odesa,3,Android,ads
608,1,50,Russia,Leninsk-Kuznetskiy,3,iOS,ads
609,1,26,Russia,Moscow,0,Android,ads
610,1,20,Russia,Mozhaysk,2,iOS,ads
611,1,28,Russia,Kaliningrad,2,Android,ads
612,1,55,Russia,Moscow,2,Android,ads
613,1,29,Russia,Novokuznetsk,2,Android,ads
614,0,38,Russia,Nizhnevartovsk,0,iOS,ads
615,0,29,Russia,Korkino,3,Android,ads
616,0,35,Russia,Moscow,3,iOS,ads
617,1,36,Russia,Voronezh,2,Android,ads
618,1,31,Russia,Rostov,1,Android,ads
619,1,52,Azerbaijan,Baku,0,Android,ads
620,1,28,Russia,Alkhan-Kala,4,Android,ads
621,1,18,Russia,Belorechensk,3,iOS,ads
622,0,40,Turkey,Konya,2,Android,ads
623,1,38,Russia,Arsenyev,0,iOS,ads
624,1,17,Russia,Saint Petersburg,1,iOS,ads
625,0,19,Russia,Krasnoyarsk,2,Android,ads
626,1,18,Russia,Izhevsk,3,Android,ads
627,1,28,Russia,Komsomol’sk-na-Amure,2,iOS,ads
628,1,20,Russia,Nakhodka,1,Android,ads
629,0,45,Russia,Ivanteyevka,3,iOS,ads
630,0,16,Russia,Vladivostok,0,iOS,ads
631,1,21,Russia,Makhachkala,1,iOS,ads
632,1,22,Ukraine,Dnipro,3,iOS,ads
633,1,33,Russia,Zavolzhye,3,Android,ads
634,1,28,Russia,Kemerovo,3,Android,ads
635,1,21,Russia,Tyumen,3,Android,ads
636,0,18,Russia,Nizhniy Novgorod,4,Android,ads
637,0,20,Russia,Chelyabinsk,2,iOS,ads
638,0,19,Russia,Yekaterinburg,3,iOS,ads
639,1,21,Russia,Vologda,3,Android,ads
640,1,36,Russia,Moscow,1,Android,ads
641,1,56,Russia,Staryy Oskol,0,iOS,ads
642,1,19,Russia,Taksimo,1,Android,ads
643,1,22,Russia,Moscow,1,iOS,ads
644,0,37,Russia,Moscow,4,Android,ads
645,1,23,Russia,Novaya Lyalya,3,iOS,ads
646,1,40,Azerbaijan,Əmircan,4,Android,ads
647,1,18,Russia,Buguruslan,4,iOS,ads
648,1,19,Russia,Alapayevsk,1,Android,ads
649,1,21,Russia,Syktyvkar,4,Android,ads
650,1,18,Russia,Moscow,0,Android,ads
651,1,23,Russia,Rybinsk,3,Android,ads
652,1,24,Russia,Irkutsk,3,iOS,ads
653,1,51,Russia,Volgograd,2,Android,ads
654,1,35,Russia,Chelyabinsk,3,Android,ads
655,1,21,Russia,Moscow,1,Android,ads
656,1,23,Ukraine,Donetsk,0,Android,ads
657,1,17,Ukraine,Makiivka,2,iOS,ads
658,1,26,Russia,Ochër,4,Android,ads
659,0,30,Russia,Partizansk,0,Android,ads
660,0,27,Russia,Gay,4,Android,ads
661,0,28,Russia,Nizhniy Tagil,0,Android,ads
662,1,21,Russia,Shlisselburg,4,Android,ads
663,0,23,Russia,Klimovsk,1,Android,ads
664,1,20,Belarus,Minsk,3,Android,ads
665,1,18,Ukraine,Ivano-Frankivsk,3,iOS,ads
666,0,41,Russia,Verkhnyaya Khava,1,Android,ads
667,1,26,Russia,Samara,0,Android,ads
668,1,19,Russia,Saint Petersburg,3,Android,ads
669,1,18,Russia,Chelyabinsk,4,Android,ads
670,0,27,Russia,Moscow,3,iOS,ads
671,1,15,Russia,Sarapul,0,iOS,ads
672,1,26,Russia,Yekaterinburg,4,Android,ads
673,0,26,Russia,Sovetsk,3,Android,ads
674,0,44,Russia,Pskov,2,Android,ads
675,0,14,Russia,Nazran,2,Android,ads
676,1,18,Russia,Moscow,4,Android,ads
677,0,15,Ukraine,Enerhodar,1,Android,ads
678,0,41,Russia,Kuznetsk,4,Android,ads
679,0,22,Russia,Novorossiysk,2,Android,ads
680,1,22,Ukraine,Luhansk,0,iOS,ads
681,1,22,Russia,Nagutskoye,1,Android,ads
682,0,44,Russia,Kazan,3,Android,ads
683,1,23,Russia,Nalchik,2,Android,ads
684,1,28,Russia,Cheboksary,4,iOS,ads
685,1,46,Russia,Kaluga,3,Android,ads
686,1,32,Russia,Naberezhnyye Chelny,3,iOS,ads
687,1,23,Russia,Chapayevsk,3,iOS,ads
688,1,43,Russia,Kungur,0,Android,ads
689,1,19,Russia,Dzerzhinsk,4,iOS,ads
690,1,18,Russia,Stavropol,3,Android,ads
691,0,32,Russia,Davlekanovo,4,iOS,ads
692,1,20,Turkey,Mersin,1,Android,ads
693,1,23,Russia,Snezhinsk,4,Android,ads
694,0,41,Russia,Moscow,3,iOS,ads
695,1,27,Russia,Engels,0,Android,ads
696,1,43,Russia,Khabarovsk,4,iOS,ads
697,1,17,Russia,Mezhdurechensk,2,Android,ads
698,1,15,Russia,Novosibirsk,0,Android,ads
699,0,15,Russia,Mytishchi,3,Android,ads
700,1,18,Russia,Zaval’noye,4,iOS,ads
701,1,23,Russia,Mariinsk,3,Android,ads
702,1,28,Ukraine,Berdiansk,2,iOS,ads
703,1,28,Russia,Chelyabinsk,3,Android,ads
704,0,19,Russia,Gusev,0,Android,ads
705,1,31,Russia,Moscow,4,Android,ads
706,0,55,Russia,Yekaterinburg,4,Android,ads
707,1,20,Russia,Chadan,3,Android,ads
708,0,26,Russia,Vologda,2,Android,ads
709,1,19,Belarus,Kobryn,4,Android,ads
710,1,20,Russia,Podolsk,1,Android,ads
711,0,33,Russia,Nalchik,4,Android,ads
712,1,19,Russia,Arsenyev,0,iOS,ads
713,1,20,Russia,Sochi,4,iOS,ads
714,1,20,Russia,Yumaguzino,0,Android,ads
715,1,17,Russia,Nevinnomyssk,4,iOS,ads
716,0,19,Russia,Logovskoye,2,Android,ads
717,0,34,Russia,Balakovo,3,iOS,ads
718,1,28,Turkey,Ankara,0,Android,ads
719,0,19,Russia,Groznyy,3,iOS,ads
720,0,29,Turkey,Ankara,0,Android,ads
721,1,27,Russia,Nizhniy Novgorod,3,Android,ads
722,0,18,Russia,Korolëv,0,Android,ads
723,0,23,Russia,Izhevsk,1,Android,ads
724,0,41,Russia,Kazan,0,Android,ads
725,0,26,Cyprus,Nicosia,4,iOS,ads
726,0,38,Russia,Kursk,2,Android,ads
727,0,22,Russia,Khimki,3,iOS,ads
728,1,14,Russia,Kansk,4,iOS,ads
729,0,35,Russia,Saratov,0,iOS,ads
730,0,40,Russia,Moscow,1,Android,ads
731,1,17,Finland,Tampere,2,Android,ads
732,1,18,Russia,Yekaterinburg,3,Android,ads
733,1,22,Russia,Kirov,4,iOS,ads
734,0,26,Russia,Lyubertsy,1,iOS,ads
735,0,14,Russia,Tyumen,3,Android,ads
736,1,20,Russia,Moscow,1,iOS,ads
737,1,23,Russia,Sochi,3,Android,ads
738,0,25,Russia,Blagoveshchensk,1,iOS,ads
739,0,25,Russia,Yablochnyy,1,Android,ads
740,1,21,Russia,Moscow,3,iOS,ads
741,0,31,Belarus,Homyel’,4,iOS,ads
742,1,17,Azerbaijan,Baku,0,Android,ads
743,0,16,Russia,Samara,0,Android,ads
744,1,15,Russia,Komsomol’sk-na-Amure,0,iOS,ads
745,0,21,Russia,Arsk,2,iOS,ads
746,1,37,Ukraine,Khust,0,Android,ads
747,1,20,Russia,Otradnyy,2,Android,ads
748,0,17,Russia,Belgorod,1,Android,ads
749,1,19,Russia,Moscow,2,Android,ads
750,1,27,Russia,Vologda,0,Android,ads
751,1,23,Russia,Moscow,1,iOS,ads
752,1,32,Russia,Smolensk,4,Android,ads
753,0,21,Russia,Tver,4,Android,ads
754,0,35,Russia,Sasykoli,1,Android,ads
755,1,22,Russia,Kurchaloy,2,Android,ads
756,1,20,Russia,Severodvinsk,3,Android,ads
757,1,24,Russia,Belorechensk,2,iOS,ads
758,1,39,Azerbaijan,Baku,3,Android,ads
759,0,31,Russia,Krasnodar,1,iOS,ads
760,1,18,Russia,Tomsk,1,Android,ads
761,1,18,Russia,Groznyy,4,Android,ads
762,1,19,Russia,Chelyabinsk,0,iOS,ads
763,1,39,Russia,Nizhniy Tagil,1,Android,ads
764,1,37,Azerbaijan,Baku,1,Android,ads
765,1,36,Russia,Saratov,1,Android,ads
766,1,27,Russia,Mineral’nyye Vody,4,iOS,ads
767,0,33,Russia,Moscow,4,Android,ads
768,0,21,Russia,Solnechnogorsk,0,Android,ads
769,0,37,Russia,Makhachkala,0,Android,ads
770,1,35,Russia,Tyrnyauz,2,Android,ads
771,0,24,Russia,Moscow,0,Android,ads
772,0,37,Russia,Orsk,1,Android,ads
773,0,16,Russia,Nizhniy Novgorod,0,Android,ads
774,1,43,Russia,Moscow,0,Android,ads
775,0,15,Russia,Petrozavodsk,0,Android,ads
776,0,27,Russia,Ivanovo,2,Android,ads
777,0,21,Russia,Chaykovskiy,0,iOS,ads
778,0,22,Russia,Kizilyurt,3,Android,ads
779,0,17,Russia,Moscow,3,Android,ads
780,0,30,Russia,Yeysk,2,iOS,ads
781,1,30,Russia,Vladivostok,3,Android,ads
782,0,20,Russia,Bryansk,2,Android,ads
783,1,42,Russia,Neftekamsk,2,iOS,ads
784,0,23,Russia,Noginsk,4,Android,ads
785,1,30,Russia,Perm,3,Android,ads
786,0,22,Ukraine,Velyka Mykhailivka,1,Android,ads
787,1,21,Ukraine,Berehove,0,Android,ads
788,1,36,Ukraine,Kyiv,1,iOS,ads
789,0,17,Russia,Argayash,3,iOS,ads
790,1,27,Russia,Tobolsk,2,iOS,ads
909,0,20,Ukraine,Rivne,4,Android,ads
791,1,28,Russia,Kamennogorsk,0,Android,ads
792,0,19,Russia,Novosibirsk,3,Android,ads
793,1,20,Russia,Moscow,0,iOS,ads
794,1,18,Russia,Ukhta,3,iOS,ads
795,0,41,Ukraine,Sumy,2,iOS,ads
796,1,27,Russia,Syzran,1,Android,ads
797,0,22,Russia,Almetyevsk,4,iOS,ads
798,1,19,Russia,Volgograd,0,Android,ads
799,0,20,Russia,Saint Petersburg,3,Android,ads
800,0,19,Russia,Shakhunya,0,Android,ads
801,0,33,Russia,Ulan-Ude,1,Android,ads
802,0,18,Russia,Moscow,2,Android,ads
803,1,43,Russia,Kostroma,3,iOS,ads
804,0,30,Russia,Maykop,3,Android,ads
805,1,19,Russia,Salekhard,1,Android,ads
806,1,23,Russia,Moscow,4,Android,ads
807,1,18,Russia,Dedovsk,4,iOS,ads
808,0,17,Russia,Yaroslavl,3,iOS,ads
809,0,26,Russia,Izhevsk,2,Android,ads
810,0,18,Russia,Mayskiy,0,iOS,ads
811,1,38,Russia,Moscow,4,Android,ads
812,1,20,Russia,Yekaterinburg,2,Android,ads
813,1,15,Russia,Ussuriysk,2,iOS,ads
814,1,16,Ukraine,Liubotyn,3,iOS,ads
815,1,18,Russia,Samara,3,Android,ads
816,0,19,Russia,Perm,3,Android,ads
817,0,43,Azerbaijan,Mingəçevir,0,Android,ads
818,1,21,Russia,Moscow,0,Android,ads
819,0,45,Russia,Kamyshin,4,Android,ads
820,0,31,Russia,Vyazma,4,Android,ads
821,1,30,Russia,Khabarovsk,3,Android,ads
822,0,40,Russia,Ishimbay,4,iOS,ads
823,1,14,Russia,Podolsk,4,Android,ads
824,1,19,Russia,Voronezh,0,Android,ads
825,0,23,Russia,Velizh,1,Android,ads
826,0,21,Russia,Kemerovo,1,Android,ads
827,0,20,Russia,Moscow,4,Android,ads
828,1,27,Russia,Nadym,2,iOS,ads
829,1,22,Russia,Moscow,4,Android,ads
830,0,21,Ukraine,Hlukhiv,1,Android,ads
831,1,35,Russia,Kamenka,0,Android,ads
832,1,45,Russia,Nizhniy Novgorod,3,Android,ads
833,0,29,Russia,Khabarovsk,2,iOS,ads
834,1,24,Russia,Teuchezhkhabl’,3,Android,ads
835,1,27,Russia,Volgograd,3,Android,ads
836,0,22,Russia,Nazran,1,Android,ads
837,1,62,Russia,Yakhroma,3,iOS,ads
838,1,49,Russia,Kurgan,3,Android,ads
839,0,31,Russia,Novosibirsk,4,Android,ads
840,0,24,Russia,Moscow,3,Android,ads
841,1,31,Russia,Zhukovskiy,3,Android,ads
842,0,37,Russia,Magas,1,Android,ads
843,0,25,Russia,Kamyshin,4,Android,ads
844,0,31,Russia,Novoshakhtinsk,4,Android,ads
845,0,56,Russia,Irkutsk,3,Android,ads
846,1,26,Russia,Magnitogorsk,4,iOS,ads
847,1,44,Russia,Kropotkin,0,iOS,ads
848,1,52,Latvia,Riga,2,iOS,ads
849,0,26,Russia,Gatchina,1,Android,ads
850,0,26,Russia,Moscow,1,iOS,ads
851,0,21,Russia,Taganrog,4,Android,ads
852,1,22,Russia,Vologda,4,iOS,ads
853,0,20,Russia,Saint Petersburg,3,Android,ads
854,0,44,Kazakhstan,Ayagöz,1,Android,ads
855,0,25,Belarus,Homyel’,4,iOS,ads
856,1,36,Kazakhstan,Almaty,0,iOS,ads
857,0,16,Russia,Polevskoy,4,Android,ads
858,0,38,Russia,Yekaterinburg,0,iOS,ads
859,0,41,Russia,Chekhov,2,iOS,ads
860,0,23,Russia,Tula,3,Android,ads
861,0,39,Russia,Omsk,2,iOS,ads
862,0,19,Russia,Snezhinsk,4,iOS,ads
863,0,37,Russia,Tolyatti,2,iOS,ads
864,0,29,Russia,Volgograd,1,Android,ads
865,0,43,Russia,Iskitim,1,Android,ads
866,1,32,Russia,Petrozavodsk,3,iOS,ads
867,1,20,Russia,Moscow,4,iOS,ads
868,0,18,Russia,Lesnoy,1,Android,ads
869,0,18,Russia,Kirishi,1,Android,ads
870,1,21,Russia,Korsakov,3,Android,ads
871,0,19,Russia,Krasnogorsk,3,iOS,ads
872,0,20,Russia,Kaliningrad,2,Android,ads
873,1,32,Russia,Tver,4,Android,ads
874,1,24,Russia,Khabarovsk,2,iOS,ads
875,1,25,Belarus,Horad Barysaw,0,Android,ads
876,1,20,Russia,Odintsovo,3,Android,ads
877,0,35,Russia,Kamensk-Ural’skiy,4,Android,ads
878,1,37,Russia,Moscow,4,Android,ads
879,1,22,Russia,Moscow,2,Android,ads
880,1,52,Russia,Georgiyevsk,3,Android,ads
881,0,18,Russia,Ivanovo,0,iOS,ads
882,1,26,Russia,Saint Petersburg,4,iOS,ads
883,1,35,Russia,Yaroslavl,3,Android,ads
884,1,32,Russia,Kuvandyk,2,iOS,ads
885,0,20,Russia,Krasnokamensk,2,Android,ads
886,1,31,Russia,Otrado-Kubanskoye,3,Android,ads
887,1,22,Ukraine,Luhansk,3,Android,ads
888,0,36,Russia,Katyr-Yurt,1,Android,ads
889,0,30,Russia,Oy,0,Android,ads
890,0,17,Russia,Gryazi,0,iOS,ads
891,1,26,Russia,Derbent,0,Android,ads
892,1,36,Russia,Sarapul,2,Android,ads
893,1,25,Russia,Saint Petersburg,0,iOS,ads
894,0,32,Russia,Soldato-Aleksandrovskoye,3,Android,ads
895,1,37,Russia,Kazan,0,Android,ads
896,1,19,Russia,Makhachkala,0,Android,ads
897,1,23,Russia,Moscow,2,Android,ads
898,0,25,Russia,Belebey,3,iOS,ads
899,1,25,Russia,Sochi,4,Android,ads
900,1,32,Russia,Moscow,2,iOS,ads
901,0,20,Russia,Yaroslavl,0,iOS,ads
902,1,48,Russia,Armizonskoye,1,iOS,ads
903,0,26,Kazakhstan,Nur-Sultan,2,Android,ads
904,0,27,Russia,Arkaulovo,3,iOS,ads
905,1,30,Russia,Kazan,1,Android,ads
906,0,55,Russia,Khlevnoye,3,Android,ads
907,1,15,Russia,Monchegorsk,4,Android,ads
908,0,17,Russia,Moscow,4,Android,ads
910,1,20,Russia,Murmansk,0,Android,ads
911,1,47,Russia,Naberezhnyye Chelny,0,Android,ads
912,1,21,Russia,Nazran,2,iOS,ads
913,0,20,Russia,Moscow,1,Android,ads
914,1,24,Russia,Cheboksary,2,iOS,ads
915,0,20,Russia,Nizhniy Novgorod,3,Android,ads
916,0,19,Russia,Kislovodsk,4,iOS,ads
917,0,27,Russia,Kaliningrad,4,Android,ads
918,1,16,Russia,Saint Petersburg,1,Android,ads
919,1,24,Russia,Kursk,1,Android,ads
920,1,25,Belarus,Smarhon’,3,Android,ads
921,1,33,Russia,Saint Petersburg,4,Android,ads
922,1,22,Russia,Shatura,3,Android,ads
923,0,52,Russia,Shaami-Yurt,2,iOS,ads
924,1,34,Russia,Cheboksary,0,Android,ads
925,1,24,Ukraine,Kharkiv,1,Android,ads
926,0,32,Russia,Saint Petersburg,2,Android,ads
927,1,23,Russia,Saint Petersburg,1,Android,ads
928,0,20,Russia,Strezhevoy,4,Android,ads
929,1,32,Russia,Telemba,1,Android,ads
930,1,47,Russia,Novosibirsk,3,iOS,ads
931,1,39,Russia,Kolomna,4,Android,ads
932,0,40,Turkey,Diyarbakır,0,Android,ads
933,0,44,Kazakhstan,Öskemen,4,Android,ads
934,0,30,Ukraine,Drohobych,1,Android,ads
935,0,17,Russia,Kemerovo,4,Android,ads
936,0,40,Russia,Moscow,2,iOS,ads
937,0,22,Russia,Moscow,1,iOS,ads
938,0,14,Russia,Rostov,3,iOS,ads
939,1,18,Russia,Volgograd,2,Android,ads
940,1,28,Russia,Moscow,3,iOS,ads
941,1,60,Russia,Chelyabinsk,3,iOS,ads
942,1,52,Kazakhstan,Nur-Sultan,4,iOS,ads
943,0,22,Russia,Cheboksary,4,Android,ads
944,0,19,Russia,Moscow,1,iOS,ads
945,1,18,Russia,Krasnoyarsk,4,Android,ads
946,0,27,Russia,Aldan,2,Android,ads
947,0,39,Russia,Orenburg,2,iOS,ads
948,1,19,Russia,Surgut,1,iOS,ads
949,0,17,Russia,Moscow,4,Android,ads
950,1,20,Russia,Novocheboksarsk,0,iOS,ads
951,1,23,Russia,Sochi,2,Android,ads
952,0,24,Russia,Moscow,0,Android,ads
953,1,52,Russia,Kopeysk,4,Android,ads
954,0,17,Azerbaijan,Baku,4,Android,ads
955,0,23,Russia,Moscow,4,iOS,ads
956,1,29,Russia,Yekaterinburg,0,iOS,ads
957,1,29,Russia,Krasnoyarsk,3,iOS,ads
958,0,26,Russia,Moscow,2,iOS,ads
959,1,38,Azerbaijan,Baku,2,iOS,ads
960,0,21,Russia,Moscow,4,iOS,ads
961,1,31,Russia,Moscow,1,iOS,ads
962,1,40,Russia,Kursk,3,iOS,ads
963,1,26,Russia,Tula,1,Android,ads
964,1,41,Russia,Surgut,2,Android,ads
965,1,19,Russia,Novorossiysk,3,Android,ads
966,0,22,Russia,Uglich,2,Android,ads
967,0,67,Russia,Norilsk,2,Android,ads
968,1,19,Russia,Kovrov,4,Android,ads
969,1,17,Russia,Moscow,0,Android,ads
970,1,40,Russia,Saint Petersburg,1,Android,ads
971,0,20,Russia,Moscow,1,Android,ads
972,1,24,Russia,Porkhov,4,Android,ads
973,1,42,Russia,Moscow,1,Android,ads
974,1,32,Russia,Novosibirsk,1,Android,ads
975,0,19,Russia,Irkutsk,2,Android,ads
976,1,22,Russia,Irkutsk,0,Android,ads
977,0,17,Russia,Syktyvkar,0,Android,ads
978,0,27,Russia,Arzgir,4,Android,ads
979,1,21,Russia,Omsk,4,Android,ads
980,0,17,Russia,Moscow,3,Android,ads
981,1,24,Russia,Noginsk,1,iOS,ads
982,1,20,Russia,Barnaul,1,Android,ads
983,0,16,Russia,Krasnooktyabrskoye,1,Android,ads
984,0,24,Russia,Voronezh,2,iOS,ads
985,0,25,Russia,Korolëv,0,Android,ads
986,1,22,Russia,Lebedyan,3,iOS,ads
987,1,18,Russia,Moscow,1,Android,ads
988,1,19,Russia,Zeya,2,iOS,ads
989,0,17,Russia,Zakamensk,0,Android,ads
990,1,28,Russia,Taganrog,1,Android,ads
991,0,29,Russia,Vladimir,3,Android,ads
992,1,36,Russia,Kuznetsk,1,Android,ads
993,0,19,Russia,Sochi,1,Android,ads
994,0,25,Russia,Kazan,1,Android,ads
995,1,19,Russia,Koryazhma,2,Android,ads
996,1,35,Russia,Khabarovsk,2,Android,ads
997,1,22,Russia,Elektrostal,0,Android,ads
998,1,24,Russia,Saint Petersburg,0,Android,ads
999,1,21,Russia,Voronezh,3,iOS,ads
1000,1,46,Turkey,Kayseri,2,Android,ads
1001,0,20,Turkey,Istanbul,2,Android,ads
1002,1,20,Russia,Bratsk,4,iOS,ads
1003,1,19,Russia,Gorokhovets,4,Android,ads
1004,0,18,Russia,Moscow,4,Android,ads
1005,1,26,Russia,Gatchina,3,Android,ads
1006,0,34,Russia,Volgograd,4,iOS,ads
1007,1,46,Russia,Nizhnekamsk,0,Android,ads
1008,1,16,Russia,Korocha,4,iOS,ads
1009,0,20,Russia,Serpukhov,3,Android,ads
1010,0,27,Russia,Akhtubinsk,1,Android,ads
1011,0,16,Russia,Nizhnekamsk,0,iOS,ads
1012,0,46,Russia,Domodedovo,4,iOS,ads
1013,1,35,Russia,Malgobek,0,iOS,ads
1014,1,43,Russia,Ryazan,0,Android,ads
1015,1,29,Russia,Uchkeken,0,iOS,ads
1016,1,46,Russia,Svetlyy,3,iOS,ads
1017,1,21,Russia,Verkh-Katunskoye,4,iOS,ads
1018,0,39,Ukraine,Smila,1,iOS,ads
1019,0,38,Russia,Bryansk,0,iOS,ads
1020,1,50,Russia,Lipetsk,1,Android,ads
1021,1,20,Russia,Glazov,4,iOS,ads
1022,0,33,Russia,Chelyabinsk,2,iOS,ads
1023,1,39,Russia,Vologda,3,Android,ads
1024,1,35,Russia,Orenburg,2,Android,ads
1025,1,64,Russia,Kazan,4,Android,ads
1026,1,45,Russia,Saint Petersburg,3,iOS,ads
1027,0,51,Russia,Kolpino,3,Android,ads
1028,1,25,Russia,Magadan,1,Android,ads
1029,1,18,Russia,Moscow,2,Android,ads
1030,1,44,Russia,Moscow,0,Android,ads
1031,0,36,Russia,Berezniki,1,iOS,ads
1032,1,14,Belarus,Vilyeyka,4,Android,ads
1033,1,38,Russia,Moscow,2,Android,ads
1034,1,45,Russia,Novoshakhtinsk,0,iOS,ads
1035,1,23,Russia,Ust’-Dzheguta,0,Android,ads
1036,1,48,Russia,Berezniki,0,Android,ads
1037,0,16,Russia,Novokuznetsk,2,Android,ads
1038,1,20,Russia,Moscow,0,Android,ads
1039,0,21,Russia,Kuvshinovo,3,iOS,ads
1040,0,16,Russia,Kemerovo,4,Android,ads
1041,0,17,Russia,Rzhev,4,iOS,ads
1042,1,20,Russia,Likhoslavl,4,Android,ads
1043,1,19,Russia,Moscow,4,iOS,ads
1044,1,26,Russia,Zernograd,1,Android,ads
1045,1,43,Russia,Yartsevo,4,Android,ads
1046,1,50,Russia,Penza,2,iOS,ads
1047,1,22,Russia,Dyatkovo,4,Android,ads
1048,0,22,Russia,Moscow,3,Android,ads
1049,1,20,Ukraine,Poltava,2,iOS,ads
1050,1,14,Russia,Vyazma,0,iOS,ads
1051,1,16,Russia,Moscow,4,iOS,ads
1052,0,29,Russia,Vladivostok,2,iOS,ads
1053,1,33,Russia,Lensk,1,iOS,ads
1054,0,18,Russia,Vladimir,4,iOS,ads
1055,0,42,Russia,Saint Petersburg,4,iOS,ads
1056,1,16,Ukraine,Shostka,0,iOS,ads
1057,0,18,Russia,Voronezh,3,Android,ads
1058,1,17,Russia,Krasnoznamensk,1,iOS,ads
1059,1,30,Azerbaijan,Tərtər,3,iOS,ads
1060,1,21,Ukraine,Donetsk,0,iOS,ads
1061,0,34,Russia,Ufa,1,Android,ads
1062,1,17,Russia,Rostov,4,Android,ads
1063,1,23,Russia,Teykovo,2,Android,ads
1064,1,17,Russia,Kazan,1,Android,ads
1065,0,25,Russia,Moscow,4,iOS,ads
1066,1,34,Russia,Russkiy Yurmash,1,Android,ads
1067,0,37,Russia,Burtunay,1,Android,ads
1068,0,20,Russia,Samara,0,Android,ads
1069,1,15,Russia,Zandak,1,iOS,ads
1070,0,15,Russia,Nadym,4,Android,ads
1071,1,17,Russia,Samara,3,iOS,ads
1072,1,20,Russia,Yaroslavl,1,iOS,ads
1073,1,40,Russia,Moscow,1,Android,ads
1074,0,32,Russia,Chelyabinsk,2,Android,ads
1075,1,33,Russia,Orsk,3,iOS,ads
1076,1,27,Russia,Pechora,1,iOS,ads
1077,0,23,Russia,Slavgorod,4,Android,ads
1078,0,16,Russia,Vidnoye,3,iOS,ads
1079,0,37,Ukraine,Sloviansk,3,Android,ads
1080,1,16,Russia,Balashikha,2,iOS,ads
1081,1,58,Kazakhstan,Öskemen,1,Android,ads
1082,0,32,Russia,Yekaterinburg,3,Android,ads
1083,1,20,Russia,Sochi,0,iOS,ads
1084,0,17,Russia,Buinsk,0,Android,ads
1085,0,19,Ukraine,Khmelnytskyi,1,Android,ads
1086,0,59,Russia,Magadan,1,iOS,ads
1087,1,19,Russia,Mytishchi,4,iOS,ads
1088,1,20,Russia,Stavropol,2,Android,ads
1089,1,19,Russia,Ryazan,2,Android,ads
1090,1,28,Belarus,Homyel’,2,iOS,ads
1091,0,35,Russia,Smolensk,2,Android,ads
1092,0,19,Russia,Derbent,2,Android,ads
1093,1,23,Russia,Novyy Urengoy,2,Android,ads
1094,0,18,Russia,Saratov,3,iOS,ads
1095,0,32,Cyprus,Nicosia,4,Android,ads
1096,1,33,Russia,Zlatoust,4,Android,ads
1097,0,47,Russia,Kemerovo,2,Android,ads
1098,1,17,Russia,Novomoskovsk,2,Android,ads
1099,1,43,Russia,Dalakovo,1,Android,ads
1100,1,24,Russia,Moscow,3,Android,ads
1101,0,23,Russia,Nizhniy Tagil,1,Android,ads
1102,1,21,Russia,Saint Petersburg,0,iOS,ads
1103,1,25,Russia,Moscow,0,Android,ads
1104,0,33,Ukraine,Kyiv,0,Android,ads
1105,1,26,Russia,Vladimir,2,Android,ads
1106,0,24,Russia,Petrozavodsk,3,Android,ads
1107,1,29,Belarus,Homyel’,4,Android,ads
1108,1,24,Russia,Moscow,4,iOS,ads
1109,1,22,Belarus,Minsk,4,Android,ads
1110,0,26,Turkey,Talas,0,Android,ads
1111,1,22,Russia,Nelidovo,4,Android,ads
1112,1,20,Russia,Moscow,3,Android,ads
1113,1,39,Russia,Noginsk,3,iOS,ads
1114,0,21,Russia,Guryevsk,4,iOS,ads
1115,0,14,Finland,Helsinki,1,Android,ads
1116,1,31,Russia,Moscow,0,iOS,ads
1117,0,25,Ukraine,Suvorove,0,iOS,ads
1118,1,25,Russia,Saint Petersburg,3,Android,ads
1119,1,20,Russia,Khabarovsk,3,iOS,ads
1120,0,33,Russia,Vologda,4,Android,ads
1121,1,21,Russia,Voronezh,1,iOS,ads
1122,0,19,Russia,Ryazan,3,Android,ads
1123,1,17,Russia,Bratsk,4,iOS,ads
1124,1,23,Ukraine,Kharkiv,4,Android,ads
1125,1,25,Switzerland,Reinach,3,iOS,ads
1126,0,36,Russia,Tver,3,Android,ads
1127,0,35,Russia,Baymak,3,Android,ads
1128,0,22,Russia,Korolëv,1,Android,ads
1129,0,21,Russia,Nizhniy Novgorod,2,Android,ads
1130,1,36,Russia,Ulyanovsk,3,iOS,ads
1131,0,28,Russia,Tommot,3,Android,ads
1132,0,20,Russia,Moscow,1,iOS,ads
1133,0,54,Russia,Irkutsk,0,Android,ads
1134,1,22,Russia,Murmansk,2,iOS,ads
1135,0,26,Russia,Engels,1,iOS,ads
1136,0,19,Russia,Nurlat,0,iOS,ads
1137,1,16,Russia,Chelyabinsk,4,Android,ads
1138,1,17,Russia,Kasumkent,2,Android,ads
1139,0,59,Russia,Voronezh,3,Android,ads
1140,1,36,Russia,Chelyabinsk,3,iOS,ads
1141,0,16,Russia,Chernogorsk,1,iOS,ads
1142,1,20,Russia,Moscow,1,Android,ads
1143,1,22,Russia,Yaroslavl,3,Android,ads
1144,1,19,Russia,Moscow,2,Android,ads
1145,1,28,Russia,Magadan,4,Android,ads
1146,1,25,Russia,Donetsk,2,Android,ads
1147,1,19,Russia,Samara,1,Android,ads
1148,1,51,Russia,Yekaterinburg,2,iOS,ads
1149,1,19,Russia,Zheleznovodsk,2,Android,ads
1150,0,23,Russia,Kazan,3,iOS,ads
1151,0,45,Russia,Barnaul,3,Android,ads
1152,0,18,Azerbaijan,Naxçıvan,3,Android,ads
1153,1,22,Russia,Kostroma,2,iOS,ads
1154,0,37,Russia,Moscow,0,Android,ads
1155,1,30,Russia,Dzerzhinskiy,3,iOS,ads
1156,1,17,Russia,Ufa,3,Android,ads
1157,0,20,Russia,Khabarovsk,0,Android,ads
1158,0,37,Russia,Kirov,3,iOS,ads
1159,1,14,Russia,Barnaul,4,Android,ads
1160,0,25,Russia,Astrakhan,3,iOS,ads
1161,1,24,Russia,Kaliningrad,3,Android,ads
1162,0,21,Ukraine,Konotop,1,Android,ads
1163,0,17,Russia,Kursk,2,Android,ads
1164,0,26,Russia,Nizhniy Tagil,2,Android,ads
1165,1,17,Russia,Rostov,1,Android,ads
1166,1,23,Russia,Kazan,4,Android,ads
1167,0,21,Russia,Pytalovo,3,Android,ads
1168,0,30,Estonia,Tartu,3,Android,ads
1169,0,46,Russia,Moscow,0,Android,ads
1170,0,21,Russia,Yuzhno-Sakhalinsk,2,iOS,ads
1171,1,23,Russia,Semënov,0,iOS,ads
1172,1,27,Russia,Pugachev,0,Android,ads
1173,0,25,Ukraine,Stakhanov,4,iOS,ads
1174,1,20,Russia,Moscow,1,iOS,ads
1175,0,20,Russia,Ufa,0,iOS,ads
1176,1,23,Russia,Berëzovskiy,4,Android,ads
1177,1,19,Finland,Hamina,4,iOS,ads
1178,0,26,Russia,Moscow,3,Android,ads
1179,0,23,Russia,Yaroslavl,1,Android,ads
1180,0,17,Russia,Moscow,4,iOS,ads
1181,0,20,Russia,Yur’yev-Pol’skiy,1,iOS,ads
1182,1,28,Russia,Moscow,1,Android,ads
1183,1,40,Ukraine,Kyiv,0,Android,ads
1184,1,64,Russia,Moscow,2,Android,ads
1185,0,23,Russia,Voronezh,2,Android,ads
1186,0,38,Russia,Islamey,1,Android,ads
1187,1,32,Russia,Timashevsk,1,Android,ads
1188,1,39,Russia,Moscow,2,iOS,ads
1189,1,17,Russia,Klin,1,iOS,ads
1190,0,27,Russia,Bugulma,2,Android,ads
1191,0,19,Kazakhstan,Semey,3,iOS,ads
1192,1,46,Russia,Severodvinsk,2,iOS,ads
1193,1,31,Russia,Moscow,2,Android,ads
1194,0,25,Russia,Magnitogorsk,1,iOS,ads
1195,1,21,Ukraine,Mykolaiv,2,Android,ads
1196,1,23,Russia,Vladikavkaz,3,Android,ads
1197,1,20,Russia,Kamyshin,2,Android,ads
1198,1,19,Russia,Kurgan,4,iOS,ads
1199,1,18,Russia,Moscow,1,iOS,ads
